id,first_name,last_name,Hourly rate,Hours worked,ip_address
1,Cherey,Dearnly,13.42,32,17.249.95.80
2,Dodi,Skaife d'Ingerthorpe,8.15,33,174.40.21.22
3,Annadiana,Mithan,10.91,12,34.134.250.3
4,Bobby,Ratlee,9.01,24,25.27.100.222
5,Terrill,Casterton,7.27,36,6.21.211.136
6,Sheba,Hoy,15.77,29,213.118.13.84
7,Micky,Pipe,18.54,9,246.75.153.240
8,Joya,Nore,11.68,25,12.193.205.53
9,Corny,Gilcrist,15.57,25,154.19.32.97
10,Cass,Kleinzweig,14.17,20,75.223.21.238
11,Ermanno,Cinnamond,14.28,12,216.32.107.164
12,Jasmin,Ruseworth,12.11,17,76.161.121.219
13,Jamie,Calwell,10.8,18,8.33.85.141
14,Gaston,Dickins,11.81,33,22.146.198.240
15,Costa,Iacobucci,9.78,30,16.186.33.119
16,Mirabella,Hazelby,18.24,12,21.252.124.164
17,Franz,Kalinowsky,8.06,40,146.111.186.142
18,Blane,Dupey,18.88,37,140.124.187.84
19,Shana,Jacklings,15.24,36,62.10.68.122
20,Mildrid,Bart,14.31,37,155.13.215.72
21,Erica,Bristo,18.49,28,172.8.178.215
22,Joshuah,Molden,16.97,28,15.237.87.197
23,Darby,Durnall,7.97,16,122.91.99.207
24,Felicdad,Pexton,16.83,9,108.151.68.195
25,Borg,Berre,11.35,28,99.31.19.74
26,Symon,Hales,8.97,40,242.165.74.233
27,Shaine,Hartzenberg,9.39,19,125.138.76.198
28,Marian,Baish,8.87,37,147.70.142.124
29,Kandace,Becke,8.52,9,247.12.81.60
30,Iago,Konmann,16.77,17,162.60.200.105
31,Tamiko,Cleall,14.47,17,35.169.90.97
32,Cristiano,Robertis,8.07,13,76.207.6.25
33,Brant,Philler,18.49,36,123.69.60.215
34,Kienan,Prater,14.17,30,112.57.24.141
35,Marja,Lages,12.39,39,38.215.60.68
36,Helena,Vowels,10.5,26,169.192.143.248
37,Felita,MacFie,18.14,25,192.98.112.194
38,Cammy,Goodrich,8.95,37,84.219.59.62
39,Tracie,Fosten,14.2,15,8.68.16.45
40,Arlene,Urey,15.38,9,103.198.195.2
41,Christophe,Barlee,8.86,17,164.132.179.241
42,Maxy,Shearsby,16.64,10,130.152.10.45
43,D'arcy,Rosario,7.72,37,9.12.72.217
44,Brigitte,Wylie,15.49,16,120.107.51.211
45,Marlane,Asbery,8.13,10,170.23.130.109
46,Cherye,Shoubridge,11.58,8,224.56.89.159
47,Nada,Towriss,9.03,8,30.15.11.45
48,Nevin,Beckles,8.3,24,22.172.230.41
49,Suellen,Galbreth,16.5,12,113.121.202.204
50,Preston,Lockhead,9.78,32,98.217.85.250
51,Roxanne,Reddie,14.79,19,6.15.141.219
52,Felita,Iscowitz,10.7,22,14.103.241.22
53,Rose,Josephov,9.39,32,93.82.158.8
54,Alberto,D'Agostino,8.46,39,34.199.14.217
55,Luigi,Wentworth,18.53,37,1.160.125.250
56,Huberto,Johnston,12.33,36,249.92.240.248
57,Cecilio,Pankethman,17.82,14,188.130.154.251
58,Whittaker,Talton,8.48,11,135.248.124.157
59,Ebenezer,Schwerin,15.8,15,75.124.222.217
60,Cora,Meni,15.64,17,71.81.61.145
61,Rhona,Kenderdine,18.11,30,94.96.56.150
62,Vanni,Hanster,18.0,20,48.47.23.208
63,Babette,Charlesworth,12.85,13,156.112.196.193
64,Silas,Manuello,14.41,38,101.245.97.201
65,Walt,Nutkin,18.84,9,246.106.142.75
66,Joyous,Duddin,11.31,29,93.189.161.176
67,Dorri,Baldazzi,11.85,8,5.59.214.15
68,Francine,Hebbes,18.94,40,16.72.202.89
69,Daryl,Maber,14.3,11,208.95.220.27
70,Rafe,Hulcoop,7.34,37,127.64.89.79
71,Brendon,Itzhaki,18.75,36,73.197.158.29
72,Jeremias,Lum,12.35,21,63.137.254.228
73,Faydra,Aberdeen,15.06,16,9.194.195.77
74,Kayle,Wakely,7.52,22,163.197.115.34
75,Bibby,MacCartan,16.26,31,128.119.96.121
76,Amber,Bogeys,17.41,11,192.172.154.79
77,Joseph,O Mullen,8.66,20,113.247.83.237
78,Orly,Elves,17.48,21,202.24.131.36
79,Andriana,Kroch,17.62,37,170.7.49.202
80,Neille,Duns,12.05,15,225.16.115.150
81,Scarlet,Rolinson,16.23,36,34.255.25.202
82,Trevar,Tassell,12.34,40,39.48.178.52
83,Danita,Bordessa,10.41,28,138.152.173.248
84,Cristabel,Muckeen,9.99,24,1.94.166.135
85,Geraldine,Giffkins,9.15,29,77.19.110.116
86,Anetta,MacCard,16.99,38,139.15.86.214
87,Winfield,Bierton,16.86,25,88.93.204.85
88,Tanhya,Rignoldes,15.03,23,172.245.211.170
89,Selia,MattiCCI,12.53,18,16.45.212.103
90,Corabella,Gaskins,11.22,20,140.13.224.110
91,Baldwin,Pearson,10.96,34,183.50.35.244
92,Almire,Argent,8.3,23,122.169.107.231
93,Harri,Guislin,13.09,29,69.140.167.85
94,Caddric,Izkovitz,9.13,15,168.164.123.131
95,Fabian,Stennett,13.32,16,218.54.52.198
96,Yule,Meijer,13.73,18,90.131.98.182
97,Gerick,Bergin,9.34,27,110.239.205.14
98,Jedidiah,Gulleford,17.21,24,110.46.254.97
99,Sukey,Frantz,14.28,36,192.80.120.122
100,Elise,Bodle,9.39,18,98.11.16.57
101,Stavros,Leggatt,18.62,31,111.196.32.85
102,Fitzgerald,Mazella,9.97,26,69.47.197.14
103,Findlay,Crookshanks,9.16,30,135.234.146.59
104,Kathy,Glasscott,11.25,11,159.143.100.111
105,Rudolfo,Kalinsky,15.3,8,242.180.116.131
106,Douglass,Baggiani,13.23,37,139.85.250.112
107,Corina,Stutter,8.94,32,43.9.25.107
108,Toiboid,Bunting,8.76,23,213.192.248.151
109,Jenifer,Main,17.07,32,179.115.173.249
110,Vivien,Brahmer,15.8,18,183.83.103.74
111,Mead,Boarleyson,18.7,16,89.19.250.131
112,Nissie,Karpe,17.82,21,113.140.28.142
113,Tann,Borham,9.62,34,97.120.208.24
114,Dyanne,Leban,18.49,27,190.190.222.104
115,Fleming,Millsap,18.79,16,235.11.115.201
116,Estele,Swinn,17.74,9,74.84.78.22
117,Lise,Jeffs,18.35,40,4.69.93.82
118,Fernando,Happs,17.4,24,228.230.129.173
119,Nertie,Mattis,8.79,37,150.76.250.137
120,Sasha,Wagstaff,11.47,29,137.201.40.96
121,Darn,Sporrij,17.94,16,254.19.172.203
122,Cacilie,Thibodeaux,17.29,29,232.47.41.247
123,Dorree,Gosnell,11.49,17,220.194.211.181
124,Dorella,Mintoff,9.68,27,168.1.64.199
125,Kaleena,Tatford,15.97,31,82.218.6.50
126,Gill,Flello,17.33,29,240.134.243.166
127,Bobbette,Basley,17.32,36,14.122.91.194
128,Jammie,Keattch,16.05,16,192.119.222.17
129,Gerhard,Puzey,11.45,28,153.126.68.234
130,Tuckie,Rathbourne,11.8,23,85.184.143.179
131,Kylie,Lockley,11.7,22,209.113.246.165
132,Calli,Duinbleton,16.09,25,123.106.39.101
133,Leena,Escolme,13.48,28,22.10.2.76
134,Liva,Giacomelli,16.18,40,42.129.133.24
135,Keefer,Gerrish,10.6,40,248.114.219.133
136,Wrennie,Lafond,13.45,32,78.121.39.226
137,Renell,McKue,13.35,15,221.236.136.183
138,Xenia,Prinne,8.44,15,247.252.245.228
139,Mauricio,MacAdie,17.48,36,108.37.47.119
140,Grantley,Readings,18.73,15,54.20.47.203
141,Rosaleen,Dowzell,12.87,30,102.3.120.157
142,Gwenora,But,18.7,34,130.234.83.127
143,Keane,Brasseur,14.55,28,125.189.136.223
144,Sianna,Bridewell,13.23,34,82.51.208.159
145,Inger,Dyet,8.04,26,87.116.244.210
146,Lionel,Pomphrett,12.69,16,204.180.132.119
147,Major,Tenby,15.62,23,210.227.3.156
148,Reggy,Akker,8.45,26,26.156.29.94
149,Dona,Rippon,11.88,25,228.249.40.207
150,Valentina,Tran,8.37,17,241.61.66.193
151,Patsy,Wadhams,15.29,31,149.96.28.24
152,Shae,Dengate,15.85,30,195.240.254.201
153,De witt,Rois,8.68,26,79.5.176.90
154,Ibby,Eagar,13.29,18,64.12.163.150
155,Jobie,Newlan,11.94,35,128.178.190.28
156,Kelby,Speakman,14.16,18,10.4.88.93
157,Scarlet,Murdy,11.78,32,145.19.96.23
158,Trish,Weiss,12.19,27,208.3.114.231
159,Mathias,Halsted,10.22,11,25.20.112.136
160,Alisander,Gisburn,7.47,19,229.157.142.20
161,Neile,Vido,12.06,39,10.28.143.11
162,Kippy,Calterone,12.62,13,105.185.209.203
163,Bogart,Pavlishchev,10.26,28,35.125.210.214
164,Lorene,Brookwell,8.59,21,130.215.120.161
165,Tobey,Schwier,8.58,10,142.58.172.162
166,Glyn,Comben,16.63,15,115.92.7.26
167,Pancho,Windsor,13.28,38,193.47.234.106
168,Kahlil,Imore,7.8,10,30.102.158.209
169,Dominic,Cordero,16.37,39,18.220.59.142
170,Yettie,Burr,14.63,27,139.153.70.194
171,Fabien,Moyne,8.23,39,234.167.148.182
172,Debee,Cully,8.48,39,75.105.27.29
173,Deeann,Tellesson,12.66,14,71.23.62.147
174,Lindy,Row,15.41,18,135.131.200.137
175,Pamela,Brennenstuhl,14.48,10,109.58.153.14
176,Osmond,Gwyther,12.47,25,79.60.127.241
177,Aguistin,Restieaux,11.47,12,10.84.27.151
178,Dottie,Lempel,16.4,38,214.101.223.89
179,Ailis,Casel,9.06,15,253.3.97.225
180,Dante,Gullyes,11.2,36,151.87.237.76
181,Gwenore,Berendsen,16.58,22,198.119.56.42
182,Ianthe,Pryor,17.17,21,67.239.246.239
183,Fanechka,Clewer,10.16,34,54.165.54.47
184,Van,Corney,13.54,36,159.164.227.204
185,Wynny,Witul,16.08,35,82.210.212.101
186,Elberta,Pietranek,10.13,22,51.217.104.206
187,Grazia,Pacitti,12.3,30,100.96.115.21
188,Rhianon,Romanin,13.39,17,211.26.231.180
189,Phillipe,Pettican,18.35,13,110.3.198.70
190,Tori,Redmore,14.94,20,69.221.4.39
191,Jordan,Frier,15.77,11,123.119.114.17
192,Robenia,Kirkbright,10.66,36,138.149.166.48
193,Kate,Brunelleschi,13.92,40,177.52.154.141
194,Morgun,Marian,12.2,37,143.147.64.251
195,Wilt,Stormont,16.48,10,31.146.135.130
196,Orland,Okie,7.49,34,119.191.7.124
197,Agnes,Hovington,17.79,16,125.205.135.171
198,Maressa,Westbury,13.6,36,107.209.173.253
199,Lissy,Wigsell,9.02,26,194.199.24.203
200,Sasha,Corrison,16.92,9,6.137.229.17
201,Basile,O'Hartnett,11.36,24,119.106.165.150
202,Shauna,Laetham,18.86,27,169.116.88.253
203,Antonin,Cardall,8.34,31,159.239.242.21
204,Herby,Brownill,11.34,40,93.105.22.55
205,Jefferson,Bardwell,9.91,34,221.35.94.197
206,Mill,Atwill,12.54,35,58.65.150.19
207,Clarey,Ivens,13.1,35,168.161.19.25
208,Amye,Ibbotson,8.48,40,148.230.255.131
209,Ernesto,Chesney,13.3,8,5.136.143.124
210,Lura,Hartegan,13.75,20,117.2.162.255
211,Meredith,Jepson,16.03,39,22.221.80.226
212,Jocko,Blanden,7.62,29,7.142.226.100
213,Tammie,Giriardelli,11.81,15,245.21.205.68
214,Mason,Dunkerly,7.62,40,34.187.234.44
215,Rois,Sinderland,13.4,22,251.31.36.246
216,Kayley,Plastow,15.27,18,76.6.147.236
217,Anallese,Weedenburg,9.72,10,74.93.210.159
218,Rozanna,Cruickshank,7.46,29,127.158.161.20
219,Max,Fairlem,14.96,22,141.54.247.6
220,Selby,Steagall,8.46,26,101.178.65.44
221,Camey,Luesley,17.43,29,44.228.123.1
222,Marena,Pine,16.44,28,254.154.100.241
223,Rhoda,Buzzing,16.54,21,90.187.73.17
224,Elias,Bousfield,16.95,32,60.206.206.158
225,Daphne,Leimster,13.12,23,201.71.105.168
226,Aloise,Duplain,8.15,39,74.246.13.67
227,Ursola,Sarah,15.69,29,174.245.33.247
228,Even,Hulse,18.6,35,79.232.182.71
229,Marcellina,Cagan,16.17,30,123.79.190.241
230,Helena,Braisted,15.63,13,149.81.109.73
231,Tana,Lamperd,17.56,34,82.28.117.148
232,Monti,Corro,8.41,10,128.218.206.66
233,Gusty,Fairham,8.92,32,185.223.133.4
234,Emmaline,Birchall,10.44,40,91.188.229.64
235,Broderic,Forsdike,7.59,40,61.46.65.126
236,Bessy,Sabbatier,10.63,37,74.98.167.72
237,Gerrie,Clancy,10.83,38,178.151.57.18
238,Rosemary,Jentet,15.08,9,174.155.149.73
239,Vincenz,MacShirie,12.9,39,230.183.135.133
240,Abigail,Buddleigh,15.8,38,232.108.102.194
241,Marin,Baudet,12.38,8,246.178.138.141
242,Juline,Jambrozek,12.61,38,24.141.151.190
243,Adolphe,Westgarth,16.69,16,143.135.195.207
244,D'arcy,Cohn,17.9,14,95.132.126.140
245,Daniela,Tellenbroker,10.73,24,168.81.198.113
246,Lurlene,Plowright,12.85,20,119.173.135.23
247,Nerta,Richards,17.17,8,189.166.1.241
248,Doe,Ivons,17.2,34,115.125.204.212
249,Vinny,Hammerson,15.72,28,120.253.88.18
250,Ariel,Thebe,11.24,23,81.29.229.62
251,Cate,Fetterplace,16.36,13,81.189.222.206
252,Kurtis,Curmi,9.66,30,28.86.74.167
253,Derril,Dict,14.24,38,175.201.26.198
254,Cindy,Benko,9.56,36,74.221.85.76
255,Malanie,Varian,11.11,9,107.151.147.116
256,Alexandre,Diamond,11.47,27,21.44.102.3
257,Noe,Screas,8.57,29,131.185.96.78
258,Nikola,Strattan,14.59,29,35.61.209.238
259,Angelika,Burg,12.73,29,90.210.87.169
260,Gabriel,Defond,13.98,33,192.114.170.67
261,Winonah,Whiteson,12.94,35,157.152.152.179
262,Imogen,Pannett,10.93,28,213.177.169.30
263,Kenyon,Conquest,9.33,14,28.151.197.69
264,Nata,Duran,13.33,16,68.188.12.202
265,Tanner,Finnigan,17.89,40,193.39.179.253
266,Stacie,Bath,17.16,22,71.196.133.149
267,Christy,Eakly,8.77,26,221.122.194.237
268,Starla,McCreedy,7.58,11,80.247.240.105
269,Hendrik,Bayles,12.97,18,244.59.86.33
270,Dwain,Motton,7.44,13,197.2.156.220
271,Janaya,Hasser,17.93,32,145.141.233.234
272,Collin,Atling,16.53,18,51.169.240.151
273,Aindrea,Winson,17.66,26,169.194.221.92
274,Maighdiln,Caveau,11.51,8,48.226.147.219
275,Elvina,Goodswen,11.89,39,92.198.204.189
276,Reine,Lewing,11.49,27,110.158.146.62
277,Alisha,Affleck,15.79,24,234.47.90.77
278,Sebastian,Stayte,17.44,14,196.220.170.144
279,Brose,Petley,16.46,11,190.214.79.149
280,Charlton,Colville,17.39,23,195.14.248.50
281,Jaquelyn,Burbage,11.52,9,46.35.140.59
282,Shepherd,Petteford,14.93,24,133.11.242.20
283,Katusha,Morland,8.11,8,3.127.30.171
284,Bernette,Frede,16.88,32,109.250.122.156
285,Clement,Acklands,18.43,18,140.252.149.187
286,Caleb,Evill,13.63,35,147.170.178.239
287,Creighton,Zukierman,13.71,23,28.123.46.231
288,Edouard,Chicken,12.27,36,165.127.181.242
289,Mano,Spata,12.65,29,183.249.110.146
290,Bentlee,Coggin,15.46,39,86.33.179.137
291,Meghann,Jayes,11.56,29,241.145.135.165
292,Nissie,Filipchikov,12.23,22,97.56.191.211
293,Romonda,Adrienne,12.8,20,40.56.147.160
294,Clywd,Triebner,9.95,39,196.60.56.19
295,Hank,Robertucci,18.24,32,3.251.224.17
296,Modesta,Lunk,10.38,12,60.162.89.218
297,Skye,Conway,17.48,30,240.240.73.161
298,Audrye,Jandourek,8.9,36,15.250.208.215
299,Sky,Lomas,7.9,12,60.106.204.251
300,Dredi,Gookey,14.74,14,217.177.139.172
301,Crissy,MacClancey,14.39,35,61.164.212.238
302,Odie,Munkley,12.17,34,54.247.75.242
303,Joby,Phalip,8.07,35,218.249.51.0
304,Regan,Woodwing,11.67,29,51.120.91.126
305,Gilly,Fawdrie,12.08,26,112.213.149.102
306,Abelard,Brien,16.65,38,99.28.103.176
307,Remington,Bertlin,10.83,37,66.101.42.235
308,Denys,Simko,7.43,12,46.106.43.32
309,Lon,MacCracken,17.72,35,234.119.230.7
310,Licha,Presdie,17.35,23,140.86.242.219
311,Ben,Dawnay,17.44,13,177.187.180.27
312,Marj,Allridge,18.68,12,163.146.8.71
313,Amil,Ghidotti,7.67,37,41.115.69.98
314,Dominica,Songer,8.6,21,11.41.98.163
315,Helga,Davidde,7.31,24,119.228.42.224
316,Murial,McLennan,14.31,39,187.150.68.38
317,Ofella,Taber,9.19,16,41.128.182.79
318,Sallee,Maywood,13.3,38,147.189.250.156
319,Vina,Penrith,16.04,12,24.57.204.207
320,Todd,Dunmore,14.83,15,128.34.42.240
321,Rudie,Baseley,12.4,12,236.173.57.138
322,Amalea,Piggen,11.21,21,82.128.239.177
323,Hart,Whittlesey,18.45,21,100.67.192.140
324,Fanchon,Sharphouse,17.27,29,87.161.28.23
325,Bria,Morrall,7.77,38,155.227.187.244
326,Margie,Catterson,13.14,14,242.10.254.83
327,Coreen,Tresvina,7.61,17,65.185.243.187
328,Forrester,Bugby,14.36,31,205.23.66.122
329,Ludwig,Goodbarr,13.88,21,183.228.190.251
330,Helge,Gaishson,10.59,21,149.193.184.89
331,Georas,Ruddell,16.81,11,232.27.141.100
332,Felicity,Cerie,14.18,8,53.141.198.184
333,De witt,Boddy,18.77,15,118.243.100.59
334,Norris,Whiteson,16.13,37,91.214.228.18
335,Jaime,Hardcastle,13.7,36,111.1.58.1
336,Druci,Rotham,16.08,22,99.193.206.146
337,Donaugh,Pendleberry,13.19,27,86.109.38.179
338,Frederique,Bradbury,12.79,40,0.222.220.118
339,Lucius,Cordobes,11.26,31,176.130.204.213
340,Duffie,Carreck,18.52,27,178.168.222.132
341,Yurik,Gauler,13.83,39,94.106.163.56
342,Thadeus,Stadden,10.88,34,141.53.80.229
343,Farrell,Priddy,15.02,14,211.134.14.72
344,April,Trask,10.05,18,182.81.25.93
345,Jeannette,Skirvin,7.47,39,25.0.78.17
346,Tynan,Late,12.01,10,7.253.233.57
347,Wrennie,Syddall,18.77,8,248.104.255.77
348,Even,Athersmith,8.03,15,139.120.141.238
349,Carlin,Edsell,10.7,23,45.180.84.115
350,Tiebout,Spalding,10.24,13,183.151.32.63
351,Olvan,Beloe,9.0,30,196.155.205.34
352,Felicle,Roth,14.86,25,11.225.32.12
353,Chlo,Jakoubec,17.24,9,92.18.61.243
354,Aldin,Munton,12.52,8,174.221.233.158
355,Guenevere,Sidary,8.83,25,48.163.20.141
356,Bennie,Wannan,16.42,13,185.248.124.69
357,Sigvard,Sommerville,12.93,25,64.185.209.100
358,Karyl,Broady,9.31,29,226.252.173.128
359,Roley,Abbatt,15.87,19,116.213.138.64
360,Graehme,Tissier,13.32,15,70.120.45.219
361,Bunnie,Lauthian,7.45,30,192.100.73.114
362,Asher,Judge,11.07,35,135.146.200.153
363,Corene,Mingardi,18.96,15,58.240.32.188
364,Maurizio,Wingeat,7.41,30,88.138.168.72
365,Ara,Franchi,7.63,31,61.158.0.6
366,Dukie,Callacher,14.95,24,90.1.221.169
367,Sydelle,Sanz,13.7,11,161.141.75.100
368,Carver,Gianinotti,8.98,22,7.220.117.120
369,Bogey,Postians,17.86,34,121.162.192.72
370,Merrielle,Robion,16.24,12,111.246.41.36
371,Paxon,Chasmer,9.95,29,12.166.145.32
372,Gail,Liccardi,11.78,15,119.136.168.13
373,Jyoti,Finney,13.53,30,150.252.227.82
374,Ailsun,Pickring,12.14,24,11.89.127.146
375,Dehlia,Caisley,18.8,39,60.169.243.181
376,Berte,Ryles,10.46,27,153.199.75.172
377,Emlynne,Adao,12.46,13,155.240.161.183
378,Corilla,Volks,18.99,29,218.79.98.225
379,Kellen,Glyssanne,13.78,16,226.98.10.40
380,Andreana,Starsmore,18.78,36,41.198.232.33
381,Orelia,Cushworth,14.97,18,119.35.174.189
382,Darryl,Hissett,16.93,15,208.3.83.75
383,Graham,Capper,8.65,24,80.142.60.148
384,Orran,Kemery,10.42,16,29.140.121.4
385,Sheilakathryn,Turnpenny,8.96,19,141.171.105.117
386,Meriel,Scrivin,17.54,22,104.63.125.214
387,Lovell,Crotch,15.72,40,249.238.235.229
388,Rodger,Padfield,17.39,35,74.77.31.49
389,Devland,Huggett,18.85,40,163.109.98.84
390,Farley,Penas,13.73,40,49.126.73.111
391,Anallise,Stoyle,18.36,31,128.42.126.94
392,Hubie,Lascelles,14.03,37,254.189.8.18
393,Gradey,Hryniewicz,9.3,15,210.102.51.158
394,Howard,Dober,14.12,21,191.101.198.5
395,Aylmar,Golds,14.68,37,205.31.181.63
396,Shellie,Jelly,7.36,13,123.217.142.8
397,Parke,Feben,14.85,33,230.190.47.76
398,Shir,Cicerone,15.77,23,121.236.216.195
399,Eunice,Reymers,17.1,8,94.212.200.121
400,Jocelyne,Klosser,11.94,16,220.157.194.121
401,Ketty,Hart,13.85,20,205.39.122.237
402,Glenda,Reddel,13.11,16,191.82.38.249
403,Ralina,Wooldridge,17.55,15,116.95.139.121
404,Querida,Korneev,18.47,40,139.189.99.19
405,Tine,Aitkenhead,8.57,30,112.15.68.106
406,Grantham,Findlay,16.13,26,197.158.220.153
407,Nial,O'Lagene,13.49,21,229.24.216.205
408,Phillida,Younglove,18.64,9,145.47.169.86
409,Cherilynn,Kilby,14.45,38,123.42.106.212
410,Mady,Orritt,14.62,16,88.249.186.127
411,Ava,Huygens,12.7,10,70.191.241.65
412,Paulo,Tiltman,11.12,25,183.176.35.102
413,Bibby,Cockram,8.73,9,83.192.230.130
414,Sandro,Goss,8.32,20,6.121.105.35
415,Elizabeth,Buckthorp,11.95,33,139.162.199.33
416,Frayda,Papworth,15.81,31,111.40.67.210
417,Lotti,Twitchings,8.62,22,12.96.126.45
418,Susi,Cawtheray,16.1,25,109.155.156.175
419,Daryl,Bould,8.28,17,204.160.233.246
420,Stella,Robrose,17.9,24,2.237.94.24
421,Matilde,Willmer,18.47,40,143.2.31.100
422,Aurelie,Bewsy,11.94,37,89.88.72.210
423,Rae,Deaville,8.87,13,239.66.136.144
424,Anstice,Pettko,11.88,27,40.90.65.196
425,Freddy,Endon,18.89,8,132.63.8.90
426,Ardath,Furzey,12.89,36,200.30.102.166
427,Horst,Frosdick,16.03,25,244.46.168.206
428,Tess,Beert,11.3,8,38.24.242.173
429,Fanchon,Massei,16.52,15,124.178.83.139
430,Gherardo,Caddock,13.92,27,143.36.176.151
431,Tess,Fleeming,10.19,8,165.4.18.141
432,Cirilo,Milburne,15.86,21,18.237.239.77
433,Merrile,Blowick,17.7,14,233.193.228.42
434,Glad,Costan,7.28,26,124.225.37.177
435,Elva,Porter,17.63,24,66.41.175.52
436,Leonie,Peplow,11.63,35,110.209.7.173
437,Charlotte,Veque,10.88,22,199.126.81.55
438,Cosetta,Thaine,12.18,15,194.91.247.124
439,Kendrick,Beazey,18.05,32,186.21.23.12
440,Daven,Lamps,17.27,14,146.145.249.93
441,Kristoffer,Kermannes,17.1,34,2.129.248.148
442,Udale,Dinis,15.22,16,151.108.117.188
443,Delila,Petrelluzzi,17.74,21,59.162.43.124
444,Rey,Breslauer,8.41,25,214.1.106.63
445,Cherrita,Crumbie,13.56,12,114.129.90.147
446,Hort,Lanney,18.27,25,124.225.12.108
447,Trenna,Rochford,8.91,29,160.125.205.244
448,Killie,Aindrais,14.02,35,56.168.61.220
449,Yorker,Pizzey,16.95,25,31.230.63.210
450,Jewel,Rothschild,17.45,29,116.143.116.59
451,Winfield,Gueste,7.81,25,62.209.92.204
452,Sargent,Kingswood,17.0,31,13.154.184.226
453,Dru,Burger,7.87,14,179.215.71.110
454,Charyl,Gethouse,16.14,9,184.174.85.189
455,Isabelita,Mundy,13.1,23,58.83.199.159
456,Rance,Hamlin,10.92,35,212.2.231.180
457,Rance,McGunley,9.08,30,100.154.27.195
458,Holden,Blennerhassett,11.19,10,39.59.179.13
459,Etienne,Rushford,16.51,23,46.53.128.207
460,Mickey,Sprigg,14.23,32,215.6.95.59
461,Betteann,Daftor,17.29,29,241.220.30.140
462,Felike,Mingaud,15.06,22,61.77.36.61
463,Kaleb,Fellis,11.56,23,2.144.154.56
464,Tami,Szepe,10.97,25,123.96.152.225
465,Neville,Ballinghall,17.24,8,26.127.208.139
466,Caril,Myles,8.98,32,250.7.34.191
467,Tasha,Warnes,14.95,30,158.206.10.189
468,Mimi,Hilley,16.07,37,60.232.208.80
469,Barnie,Dougherty,11.07,20,13.79.203.91
470,Zara,Broschke,11.79,13,46.136.72.2
471,Grenville,D'Almeida,16.43,34,235.24.122.57
472,Virgil,Toffano,11.17,35,44.78.18.54
473,Steffen,Franseco,10.46,33,55.13.124.27
474,Clarie,Lanceter,8.43,31,185.136.116.124
475,Pembroke,Banaszewski,14.44,8,190.42.102.38
476,Gibby,Heeney,9.86,20,114.96.204.209
477,Hillery,Lovart,14.47,20,252.68.85.58
478,Lisabeth,McLarens,8.65,18,222.24.167.240
479,Lock,Maun,11.6,19,78.18.188.159
480,Shanta,Fillary,18.45,13,74.51.93.74
481,Codee,Pinkard,8.11,9,223.223.249.121
482,Brianna,Probate,9.8,38,204.35.149.199
483,Roberta,Poppleston,16.41,33,86.43.140.90
484,Abbie,Orans,10.0,18,157.170.33.170
485,Luther,Tutill,14.49,31,30.216.156.251
486,Robina,Scole,15.07,13,244.78.193.191
487,Kay,Fatscher,16.32,17,179.3.205.148
488,Mychal,Mandy,13.11,38,52.218.29.48
489,Dyna,Otham,15.55,21,209.204.108.239
490,Marlene,Folk,15.19,22,149.94.60.165
491,Lillian,Ortet,10.25,39,109.124.146.117
492,Aggie,Atcherley,9.95,17,220.94.219.245
493,Gennie,Sprouls,17.05,17,233.52.203.233
494,Sarine,Milier,18.74,16,182.171.166.113
495,Ashly,Staneland,8.04,37,253.231.55.248
496,Kerrill,Ashlin,12.84,31,216.149.51.134
497,Tarrance,Lodden,16.76,26,33.11.220.154
498,Adelice,Sollime,8.07,29,78.106.147.227
499,Amalee,Guidini,13.76,32,199.151.78.36
500,Mauricio,Chalcraft,10.34,22,245.62.57.216
501,Chiarra,Eddowis,13.43,27,230.114.136.99
502,Karylin,Ruberry,14.07,21,154.117.246.225
503,Fernandina,Patifield,13.98,16,224.14.11.43
504,Garrott,Kleingrub,16.44,19,99.188.154.190
505,Trevar,Oki,13.79,24,237.162.203.186
506,Carolin,Foan,12.13,21,222.229.94.255
507,Agatha,Baack,7.38,16,22.245.6.98
508,Marget,Harbard,15.4,25,57.8.87.235
509,Brose,Agostini,16.16,34,66.196.252.132
510,Elane,Degoy,12.92,28,96.112.178.239
511,Dallas,Le febre,9.19,23,142.142.59.8
512,Jory,Lainton,18.75,25,234.2.252.203
513,Arron,Nottle,10.3,10,104.118.220.41
514,Rafferty,Kean,12.13,35,78.43.216.220
515,Ware,Gemmill,18.07,26,155.92.176.58
516,Allie,Perrottet,11.67,27,129.151.0.161
517,Thibaud,Ogus,11.23,22,169.67.210.44
518,Grantley,Greatrex,17.59,16,104.235.44.246
519,Perice,McQuin,12.04,19,28.141.147.195
520,Rickie,Reef,11.19,25,14.37.71.122
521,Skyler,Sporrij,12.86,30,98.219.5.18
522,Kendell,Nozzolii,15.15,21,62.127.39.133
523,Ivory,Wand,18.8,18,209.221.35.210
524,Shurlock,Whitlock,11.15,26,250.173.154.253
525,Brandise,Kohrsen,13.05,20,127.143.189.169
526,Anthe,Franc,15.89,29,71.252.74.92
527,Jodi,Stuer,9.62,9,181.162.158.23
528,Tommy,Rickeard,8.12,39,167.131.45.83
529,Isidore,Nellis,7.91,27,224.219.10.130
530,Filberto,Ech,13.14,8,144.30.78.29
531,Werner,Gallaher,10.53,29,128.164.125.246
532,Ulrikaumeko,McLardie,17.74,17,64.195.41.124
533,Dee,Pilbury,15.41,30,103.115.236.26
534,Bernice,Hollibone,18.4,37,184.209.164.253
535,Grayce,Sent,10.66,28,228.83.92.235
536,Emelda,Torbard,16.96,40,73.253.159.153
537,Jenine,Crace,11.05,29,235.166.54.191
538,Harwell,Yanne,7.27,10,126.182.87.98
539,Kirsteni,Witcherley,16.42,16,163.54.183.199
540,Madison,Dudney,17.16,39,236.100.54.64
541,Eberto,Bruins,8.71,16,168.95.61.162
542,Sioux,Renahan,11.54,16,67.38.110.15
543,Larry,Alcoran,15.19,23,167.192.73.138
544,Hodge,Mathelon,7.51,11,251.205.104.160
545,Hillier,Hutchison,18.24,21,96.120.239.82
546,Layne,Brighty,15.6,23,22.219.131.85
547,Sterne,Jiruch,18.57,11,131.113.62.34
548,Emmy,Varrow,17.52,9,177.146.28.44
549,Dukie,Kemet,17.95,15,176.4.173.39
550,Dorene,Catterell,14.27,34,206.1.51.124
551,Stormie,Blowfelde,17.73,23,67.10.130.15
552,Vincenty,Heed,9.03,40,107.62.27.2
553,Ethelyn,Hultberg,17.01,36,45.143.146.165
554,Fenelia,Shankland,14.2,36,45.246.154.248
555,Arleen,Brevetor,16.28,31,242.113.194.101
556,Arlinda,Trinkwon,14.99,34,210.195.210.116
557,Kass,McNeilley,11.85,37,166.233.28.122
558,Brennan,Manley,15.78,27,12.176.234.56
559,Adelaida,Vasilchenko,15.27,17,244.65.42.13
560,Berty,Smethurst,14.78,20,216.180.44.141
561,Teodorico,Escreet,17.81,15,13.4.66.205
562,Miof mela,Tommasuzzi,16.3,37,237.225.93.193
563,Irvin,Coxhead,8.62,33,44.140.96.196
564,Luke,Barratt,13.18,37,26.178.183.142
565,Morgen,Colman,13.18,37,194.190.24.8
566,Malinda,Gouldthorp,7.3,14,30.61.207.117
567,Borden,Mann,12.04,17,226.104.123.151
568,Elsinore,Waleworke,16.79,13,169.236.80.22
569,Reider,Krolle,11.97,39,23.225.68.20
570,Murvyn,Bleier,17.03,38,208.213.250.211
571,Raleigh,Mucci,11.38,31,235.15.118.187
572,Andonis,Yaknov,17.01,39,143.18.178.144
573,Josepha,Shinefield,13.58,18,207.90.213.192
574,Ramon,Harhoff,10.97,33,208.156.72.143
575,King,Hindrick,9.03,39,98.234.18.93
576,Ban,MacDonogh,8.15,27,237.174.130.244
577,Bartram,Nairns,13.67,14,92.49.26.163
578,Brit,Gandey,14.26,26,121.139.0.235
579,Robbie,Kinsey,14.3,35,148.194.179.120
580,Zelda,Wesgate,12.33,28,167.247.208.220
581,Thatch,Hedingham,11.6,30,40.151.33.11
582,Talyah,Hyde-Chambers,9.87,18,187.196.198.128
583,Sibelle,Whaymand,16.47,22,216.63.221.4
584,Kaja,Rosendall,8.65,19,27.92.51.145
585,Lanie,Breffitt,13.2,8,255.142.128.14
586,Maiga,Thurstance,13.1,11,31.246.13.140
587,Gianni,Laying,12.88,25,76.55.86.249
588,Lindie,Springate,18.28,32,47.116.21.3
589,Hildagarde,Venables,11.15,25,36.202.193.255
590,Annadiane,Wissbey,10.91,15,68.125.58.109
591,Muffin,Ferson,11.13,37,18.174.238.204
592,Flint,MacCook,14.31,34,173.233.131.234
593,Aida,Dinsmore,12.95,28,92.32.199.3
594,Paquito,Gelder,7.62,21,119.121.41.90
595,Maggy,Le Claire,13.8,9,207.13.40.192
596,Gert,Rothert,18.97,31,52.224.224.108
597,Dita,Chung,16.05,39,150.61.135.192
598,Othilie,Boxell,12.12,20,202.38.39.43
599,Phedra,Wayland,15.81,27,215.42.250.210
600,Ruben,Chese,18.83,40,9.40.144.100
601,Casey,Matterson,17.35,39,133.122.3.83
602,Jorrie,Dukelow,16.23,36,2.98.68.171
603,Trescha,Spieck,12.05,36,168.103.244.197
604,Aguie,Farry,16.97,8,24.155.130.78
605,Ardyce,Ossipenko,9.81,29,232.84.204.44
606,Camilla,Filipchikov,8.11,38,253.19.216.145
607,Bar,MacCaull,13.78,15,151.187.194.9
608,Kori,Leither,10.83,29,255.232.9.107
609,Benyamin,Devil,11.09,17,232.165.127.230
610,Chanda,Newvell,11.97,15,166.223.25.3
611,Elisabetta,Mabley,13.71,35,170.115.124.125
612,Charlton,Medendorp,9.74,17,221.202.77.221
613,Dani,Hayden,8.18,30,48.34.124.62
614,Jorge,Dudden,12.21,20,152.175.214.38
615,Teddi,Loveguard,18.9,38,185.84.212.99
616,Maryrose,Mordan,9.17,23,117.38.51.130
617,Kitti,Barkly,18.78,34,170.140.110.8
618,Jaynell,Tobias,9.69,10,25.203.36.225
619,Ofilia,Allen,13.8,21,101.18.121.196
620,Marquita,Wanderschek,7.89,8,24.248.182.39
621,Warren,Drillingcourt,15.02,35,126.183.120.209
622,Muriel,Spain,16.32,28,196.224.50.4
623,Montague,Wilshin,13.81,32,37.110.213.60
624,Fianna,Voaden,8.21,28,143.67.111.241
625,Broddie,Rosenthaler,9.28,38,158.25.180.162
626,Marianna,Dignall,16.14,24,103.234.197.227
627,Nancie,McCadden,8.45,31,125.8.135.119
628,Cob,Juniper,8.74,24,118.251.159.75
629,Sibylla,Biggam,15.09,40,146.215.219.33
630,Reinald,Bonnick,14.24,38,66.243.194.235
631,Melli,Stairs,13.49,13,243.161.254.70
632,Brenn,Sorbie,9.43,35,92.54.105.209
633,Donavon,Volker,12.19,38,141.140.255.11
634,Normand,Huckin,11.27,11,242.245.97.60
635,Ester,Glyssanne,12.18,36,125.78.97.56
636,Windham,Belden,8.63,9,59.236.46.62
637,Grady,Willers,14.54,34,33.150.191.163
638,Grantley,Kinsley,7.81,21,232.109.66.116
639,Shermie,Taks,11.63,13,26.86.248.160
640,Norah,Burbidge,12.94,32,10.157.177.139
641,Aloise,Campany,8.99,16,238.242.236.190
642,Maje,Macourek,14.18,30,132.58.231.7
643,Leola,Scollard,10.94,40,17.102.147.25
644,Creight,Lindenstrauss,9.88,19,241.217.199.150
645,Briny,Janusik,8.24,8,218.85.171.200
646,Angelico,Giffin,16.42,8,89.77.225.34
647,Merrile,Puden,7.86,26,18.179.13.104
648,Malva,Savatier,12.57,32,133.191.37.121
649,Chickie,Swalwel,18.05,12,238.136.168.71
650,Forrest,Tyne,13.71,34,113.90.93.208
651,Sherrie,Snufflebottom,14.26,13,133.120.206.96
652,Analise,Ilive,12.02,19,236.49.250.51
653,Deb,Haskayne,9.69,12,144.178.232.40
654,Starr,Gasperi,7.91,13,254.243.112.156
655,Lethia,Blackster,7.66,29,241.101.45.143
656,Josefa,Pasby,15.86,20,120.250.11.148
657,Elianora,Wilber,14.95,30,212.9.55.91
658,Felipa,Savine,9.84,10,88.197.36.156
659,Cornie,Bortolussi,9.09,16,36.220.227.212
660,Pearl,Bosch,15.98,15,83.73.44.213
661,Hilary,Garman,12.54,40,190.252.137.82
662,Waverly,Hurkett,14.02,29,212.22.201.100
663,Selma,Rowes,16.35,31,68.111.83.47
664,Chase,Readshall,10.98,24,224.24.123.184
665,Shurwood,Van Velde,8.03,35,206.246.87.100
666,Roby,Bott,7.5,31,72.175.143.41
667,Erv,Phillot,10.03,31,182.147.45.22
668,Fey,Leabeater,17.94,27,116.21.181.211
669,Dunstan,Brearley,7.41,23,86.74.249.137
670,Edwin,Colcomb,8.22,27,184.186.201.141
671,Jessey,Linham,9.53,10,72.164.17.148
672,Teri,Hinchon,8.07,33,141.7.13.73
673,Joana,Crack,18.33,38,69.36.66.238
674,Catharina,Moscrop,12.8,30,190.252.236.16
675,Jillana,Durant,7.32,30,102.28.118.126
676,Suzy,Parramore,10.22,32,35.248.164.104
677,Rosalia,Jickells,11.21,30,237.215.247.53
678,Myrah,Storer,17.42,29,37.168.214.77
679,Mitchael,Farncombe,11.96,28,199.237.68.199
680,Gallard,Peerless,13.32,20,21.199.73.136
681,Yelena,Kneale,15.01,20,61.93.218.236
682,Kimmy,Franc,8.43,37,124.51.255.114
683,Konstanze,Caunt,13.42,38,90.121.220.170
684,Baird,Hadye,16.22,28,88.139.229.171
685,Blondie,Jenteau,9.47,14,160.214.32.120
686,Maurie,Klemencic,18.25,9,109.192.28.165
687,Deloris,Aingel,15.17,12,86.166.13.144
688,Conny,Carlin,7.96,9,81.128.71.193
689,Jorry,Simms,18.59,17,189.61.250.181
690,Cairistiona,Jeggo,11.73,10,241.225.39.80
691,Paulie,Hollingdale,16.69,31,48.36.80.234
692,Stanislaus,Spurrett,16.97,13,119.221.170.123
693,Merwin,Ricca,14.89,12,215.93.136.65
694,Phillie,Edworthye,11.98,31,54.57.208.76
695,Waly,Quincee,8.8,20,1.133.188.0
696,Jermayne,Henrique,11.09,16,37.70.125.23
697,Clayton,Dunmuir,12.57,25,222.230.248.197
698,Brittni,Treske,7.76,39,108.19.231.10
699,Elizabet,Bonnick,8.09,9,126.114.44.170
700,Timmy,Quinnelly,12.23,20,46.124.49.171
701,Marketa,O'Gaven,18.88,8,6.250.131.98
702,Abbey,Hanigan,7.89,32,173.28.233.111
703,Corella,Piell,13.06,8,70.156.126.80
704,Janelle,Dicke,10.98,10,179.150.69.70
705,Harv,Louden,11.96,24,8.255.50.230
706,Holmes,Wort,18.99,33,65.31.115.192
707,Gil,Shoutt,14.1,20,83.214.231.216
708,Jdavie,Jostan,15.76,23,51.218.125.117
709,Aurthur,Coupland,17.63,34,238.190.63.62
710,Adora,Bees,14.26,28,72.198.103.80
711,Gerardo,Wild,15.89,9,207.228.48.150
712,Dagny,Belitz,18.96,26,188.12.250.16
713,Hertha,O'Gready,16.27,35,168.31.186.196
714,Estella,Rudinger,16.5,9,234.156.140.156
715,Nealon,Djokovic,9.88,32,171.194.216.23
716,Rianon,Franzotto,9.24,32,92.253.183.146
717,Josee,Ansteys,17.72,13,128.161.65.146
718,Ange,Lowey,15.8,25,61.150.26.9
719,Wynn,Scrancher,13.54,22,3.78.208.137
720,Hodge,Perschke,17.91,16,94.83.52.223
721,Waldon,Bridal,13.92,23,239.242.64.153
722,Diane-marie,Fridaye,15.96,17,186.166.221.220
723,Brinna,Jerosch,8.47,25,124.202.51.146
724,Jere,Hayford,9.38,28,168.135.114.48
725,Shayne,Pridham,7.69,23,255.165.139.222
726,Elwyn,Schorah,13.63,15,55.75.46.59
727,Graig,Lembrick,8.22,35,102.165.181.175
728,Valentina,Pfaffel,10.23,36,72.38.95.49
729,Luis,Brombell,10.53,8,47.28.249.241
730,Kelcie,Eicke,16.42,18,128.219.203.20
731,Jamima,Antonoczyk,9.51,32,46.214.89.29
732,Damita,Ferry,10.99,34,36.207.206.177
733,Grover,Brizland,9.29,23,252.62.145.77
734,Rawley,West-Frimley,11.72,27,225.246.223.131
735,Walker,Babidge,11.82,15,192.121.56.79
736,Arlen,Mee,18.92,8,176.14.164.188
737,Jermaine,Farncombe,10.15,11,16.230.236.232
738,Chrysa,Baseley,12.43,23,94.191.81.26
739,Anthia,Brockley,15.98,13,129.103.79.105
740,Levon,Seydlitz,15.63,15,195.252.151.27
741,Lenee,Haffard,14.28,31,81.165.64.28
742,Courtney,Hutcheson,12.74,40,64.180.231.5
743,Rolando,O Sullivan,13.05,21,111.47.141.8
744,Boycie,Fyall,10.1,32,15.204.231.121
745,Anitra,Lehon,12.47,35,146.10.5.247
746,Ogdon,Rootes,15.45,10,128.57.144.30
747,Ira,Roswarn,18.99,22,55.195.230.187
748,Janna,Tremmil,12.47,38,104.181.28.188
749,Teriann,Faveryear,11.73,39,12.25.113.75
750,Cindra,Maasz,12.67,23,226.151.146.68
751,Yank,McGarvie,13.13,27,126.137.68.38
752,Adela,Campe,17.12,9,155.235.241.157
753,Panchito,Shuter,12.1,18,239.186.213.215
754,Eddi,Aris,8.45,40,90.10.1.231
755,Teodora,Pearcehouse,12.24,40,182.54.98.76
756,Dela,Hassen,14.89,20,41.144.33.121
757,Jase,Poznan,12.69,35,62.249.111.88
758,Bettye,Jeratt,14.22,28,31.6.222.230
759,Alta,Bridgeman,11.7,31,152.131.88.102
760,Cicely,Reicherz,13.14,38,122.54.252.207
761,Desi,Cumes,16.37,20,176.99.77.73
762,Cullen,Cassius,15.47,36,183.123.187.50
763,Maxie,Lowdiane,9.0,9,217.105.37.151
764,Carlo,Storie,11.58,35,61.44.156.158
765,Agretha,Allbon,11.3,34,229.145.233.27
766,Kenyon,De Courtney,16.59,14,51.191.205.171
767,Ardyce,Iacopetti,9.58,19,79.36.100.222
768,Hebert,Storms,17.53,8,218.234.56.116
769,Concettina,Mungan,10.11,25,161.179.158.150
770,Ernesto,Ridgeway,10.05,36,130.82.206.39
771,Katine,Conkling,14.04,19,79.122.50.98
772,Florencia,Paulino,12.7,12,65.33.132.201
773,Christi,Agneau,13.06,35,203.52.4.242
774,Beniamino,Jachimczak,8.29,29,74.215.78.159
775,Camel,Harper,10.72,21,31.122.150.104
776,Hyacinthia,Frankiewicz,11.26,18,225.121.125.129
777,Orel,Wall,16.31,18,217.99.233.21
778,Krystle,Hanalan,10.06,29,174.166.84.240
779,Siegfried,Pantridge,18.86,39,74.42.38.169
780,Mark,Abrey,10.05,32,149.190.131.77
781,Tova,Pinnock,18.9,40,53.46.32.153
782,Valle,Aldwich,13.98,24,233.224.34.59
783,Shea,Cozby,12.56,33,7.33.8.113
784,Essie,Dingate,17.09,21,173.44.170.172
785,Budd,Chasle,18.42,36,6.65.124.194
786,Cy,Channon,8.71,14,152.121.165.17
787,Karel,McKerlie,9.69,23,211.218.183.253
788,Denise,Yate,11.43,33,180.71.178.106
789,Walton,Dounbare,11.75,11,255.3.216.252
790,Ax,Blinco,17.76,14,140.217.166.148
791,Helenelizabeth,Heineking,11.6,11,75.49.230.115
792,Hermie,Reggler,16.51,35,71.203.200.180
793,Toma,Crumley,10.74,20,139.46.164.148
794,Rana,Ketteridge,18.52,31,44.135.171.206
795,Enrika,Amar,11.34,14,108.67.95.56
796,Esther,Pachta,18.63,22,103.149.78.157
797,Rog,Cowlin,12.04,22,235.84.66.128
798,Wyatan,Fomichyov,11.76,15,134.44.82.231
799,Ferdinande,Gozard,9.45,12,216.156.17.50
800,Antonia,Ream,9.93,36,75.133.20.191
801,Cloris,Collaton,9.22,13,242.69.111.146
802,Chase,Schlagh,14.6,15,119.247.166.125
803,Andee,Elstow,17.35,28,41.132.159.145
804,Ivor,Jeannet,9.83,16,186.240.194.98
805,Garrett,Pleming,11.65,8,189.250.61.55
806,Sid,Hollows,9.89,14,169.112.18.31
807,Obediah,Collinson,8.54,12,99.114.156.123
808,Roseann,Shireff,11.17,17,153.135.161.214
809,Danni,Steeden,10.27,14,129.224.221.84
810,Nolan,Shaxby,10.47,35,42.196.58.1
811,Trefor,Partrick,7.42,18,128.0.170.36
812,Brendon,Emerson,14.75,20,44.22.59.136
813,Ambros,I'anson,9.89,30,230.53.94.244
814,Dorise,Giacomuzzo,13.68,8,123.129.174.237
815,Bevan,Faux,12.14,30,236.245.69.145
816,Heinrik,Titchen,11.56,26,236.102.10.241
817,Ginni,Howick,15.08,39,247.10.48.0
818,Charmane,Peace,16.97,13,224.161.11.8
819,Tatum,Vedenyapin,12.67,29,93.141.24.217
820,Minne,Paulat,11.82,8,63.100.134.234
821,Hi,Martinie,17.88,36,100.104.231.193
822,Bernie,Durkin,8.6,24,197.154.221.189
823,Darla,Brimilcombe,18.46,29,80.241.151.105
824,Linda,Gauson,14.49,35,250.3.4.41
825,Archaimbaud,Northridge,12.0,15,27.63.253.93
826,Aimil,Dabnot,16.66,23,148.144.104.127
827,Talya,Denidge,9.25,29,212.178.188.174
828,Neal,Lowrey,13.17,17,189.171.186.152
829,Robby,Barratt,18.3,35,210.211.42.147
830,Shaughn,Spadollini,8.56,12,171.177.49.242
831,Davina,Neames,14.21,32,117.152.64.219
832,Berthe,Francklyn,9.51,26,226.198.182.239
833,Luther,Habberjam,7.28,8,225.54.70.130
834,Skye,Coetzee,18.02,38,119.71.167.25
835,Angil,Foucher,18.85,10,56.176.35.148
836,Antoni,Mingey,9.16,38,99.31.146.32
837,Lilah,Thorpe,15.95,10,196.100.248.38
838,Hinze,Nelhams,18.07,15,95.209.72.250
839,Meggy,Kellart,9.74,33,43.0.67.175
840,Tucky,Brierton,12.22,10,168.230.132.181
841,Livy,Excell,13.03,8,249.194.234.200
842,Danila,Colbridge,11.76,31,167.158.106.251
843,Bernelle,Braybrooke,9.58,20,237.203.57.150
844,Chaunce,Sims,18.02,14,61.45.174.91
845,Tarrah,Battams,15.57,39,49.232.7.11
846,Brendon,Shireff,11.84,34,3.123.142.75
847,Laird,Indruch,10.23,34,126.37.112.61
848,Illa,Matuszinski,9.62,20,180.121.149.1
849,Raddy,Bresner,12.7,9,60.176.88.197
850,Carlynn,Basile,14.43,21,151.69.126.148
851,Ginevra,Troak,10.31,35,115.78.78.237
852,Tammie,Bohman,16.95,34,127.28.130.250
853,Monique,Ivanyushin,10.52,25,243.183.133.222
854,Keary,Dunrige,16.74,23,150.236.232.63
855,Arel,Sargood,10.33,16,203.24.45.166
856,Finley,Pallis,9.53,23,53.198.41.19
857,Phylys,Bellanger,12.88,38,215.21.214.1
858,Stefan,Scothorne,16.69,22,161.220.213.194
859,Emmalynne,MacCall,17.2,25,143.191.65.186
860,Verney,Cogin,11.89,19,158.123.177.162
861,Coralie,Kerry,10.45,11,8.86.143.71
862,Othelia,Norssister,11.03,24,127.30.89.131
863,Imojean,Snowball,12.48,28,122.150.197.83
864,Wini,Bringloe,15.36,23,221.26.178.2
865,Cilka,Hanrahan,16.3,8,180.186.235.74
866,Fredrika,Duckinfield,13.73,14,145.124.201.164
867,Concettina,Lindley,14.16,28,208.12.41.76
868,Arley,Stepney,16.51,37,144.53.135.25
869,Cyrill,Wildblood,8.13,9,128.36.91.176
870,Shelden,Kenewell,17.5,8,158.17.228.159
871,Rafe,Czaple,9.39,38,184.134.181.163
872,Lia,Clymer,9.99,12,140.7.144.163
873,Abie,Campkin,8.55,24,134.115.165.70
874,Lana,Benedek,13.47,15,71.117.30.229
875,Aubrey,Geratt,19.0,32,251.108.26.78
876,Axel,Betty,18.09,9,226.218.166.30
877,Adolphus,Goodinson,10.38,12,17.98.148.169
878,Quentin,de'-Ancy Willis,16.2,12,115.254.176.80
879,Ermina,Walls,8.87,10,207.156.218.128
880,Horten,Pudge,8.56,10,172.171.83.97
881,Bartolemo,Haccleton,10.58,9,231.82.149.130
882,Ilario,Fishe,17.31,13,163.104.158.247
883,Margaretta,Needs,7.49,38,29.220.41.140
884,Davida,Presidey,14.51,37,188.56.103.134
885,Whitney,Whittleton,10.11,40,27.31.173.190
886,Holmes,Allmark,10.27,14,183.78.144.87
887,Loralie,Conws,8.63,20,82.150.102.189
888,Ambur,Tenney,10.16,20,136.220.244.120
889,Gal,Warman,16.81,37,137.219.165.164
890,Zeb,Yashnov,18.55,18,178.178.180.6
891,Jerrie,Gristock,9.39,26,84.92.147.46
892,Pembroke,Sixsmith,15.36,33,44.237.45.240
893,Vivianna,Labro,17.05,30,62.41.242.228
894,Keslie,Mongin,8.22,21,59.230.141.221
895,Candra,MacAlpyne,16.1,12,222.255.182.18
896,Maurits,Leisman,12.74,8,56.223.6.148
897,Tristam,Farlam,17.1,21,23.17.184.210
898,Shell,Taberner,15.32,32,231.57.81.95
899,Mordy,Matisoff,14.87,30,165.80.253.81
900,Curtice,Triggle,9.02,13,195.39.47.28
901,Catriona,Quarlis,8.16,24,21.35.93.218
902,Leland,Herculson,12.17,17,44.161.136.177
903,Meir,Badman,16.41,34,57.173.32.187
904,Ethelin,Purdie,11.46,29,125.73.72.93
905,Tamarra,Truter,8.87,29,34.118.91.166
906,Guenna,Streetfield,16.06,19,100.169.97.166
907,Griz,Dibden,14.17,17,236.74.96.62
908,Julie,Adderson,8.69,20,193.25.42.206
909,Terrence,Weond,9.77,14,68.53.75.198
910,Ingra,Arendt,17.43,39,146.164.86.130
911,Pippa,Matyugin,8.19,28,213.23.56.219
912,Sean,Wyvill,8.2,19,217.21.86.208
913,Elianore,Petrichat,11.24,26,111.237.68.42
914,Franz,Venmore,13.01,22,200.5.186.86
915,Annora,Hallen,12.92,32,82.18.147.46
916,Trixy,Shawe,11.15,34,69.66.180.192
917,Sal,Fleeming,8.31,26,119.238.67.227
918,Derward,Harden,8.73,38,231.205.16.36
919,Celle,Blackney,17.12,21,216.67.144.216
920,Horton,Blaine,18.82,34,190.234.162.2
921,Dalis,Grotty,14.77,33,104.157.142.133
922,Eudora,Beamish,14.39,12,38.11.198.213
923,Phillie,Exrol,8.84,33,52.16.169.172
924,Westbrooke,Knock,15.74,39,217.200.191.196
925,Deborah,Pullen,17.52,39,105.199.212.133
926,Gwen,Tabourel,18.22,36,19.1.254.6
927,Hurlee,Mulryan,18.78,38,128.194.206.51
928,Jordain,Ranvoise,12.64,14,9.233.157.86
929,Hank,Shillito,10.0,33,111.3.164.144
930,Xylina,Skakunas,12.68,21,25.244.45.58
931,Briana,Ducarne,13.49,28,194.14.142.207
932,Manon,Hallihan,13.94,39,101.18.108.48
933,Timothee,Shafier,17.95,38,222.83.189.42
934,Bennie,Goodfellow,18.18,23,249.220.174.115
935,Marlena,Prodrick,16.46,18,147.139.17.229
936,Celeste,Estabrook,15.68,34,90.10.4.49
937,Dynah,Flowerdew,18.1,10,198.94.239.194
938,Leif,Rounding,11.93,14,51.18.51.28
939,Shane,Manna,12.26,38,140.91.125.253
940,Randy,Rewan,16.16,35,189.216.218.186
941,William,Adamiec,17.25,32,141.112.4.89
942,Griffin,Cordaroy,9.23,9,10.154.214.30
943,Burg,Hartup,17.56,21,135.186.50.158
944,Jay,Gosling,16.42,20,20.9.17.6
945,Jerrie,Oxbrough,8.45,39,170.230.235.178
946,Claudine,Pikhno,10.26,19,5.84.235.171
947,Judah,Fellnee,9.62,38,49.241.179.207
948,Henka,Kohlerman,17.15,18,127.215.254.234
949,Hephzibah,Wehden,9.21,22,65.181.255.102
950,Olympe,Gambie,14.96,40,16.165.235.58
951,Garwood,Folonin,8.83,37,252.85.61.244
952,Caryl,Newbigging,13.4,13,27.239.173.111
953,Arnie,Savage,11.27,37,33.144.137.79
954,Wanda,Rearie,10.98,35,241.30.23.182
955,Rebekah,Monnoyer,11.22,8,140.195.6.255
956,Blondelle,Ollet,11.79,23,163.208.128.117
957,Clarinda,Picford,15.92,21,17.85.208.32
958,Rog,Ruvel,8.48,27,58.63.122.226
959,Deva,Hudspeth,11.51,18,70.227.21.136
960,Natala,Morrill,15.45,12,254.251.142.187
961,Oralie,Krug,8.25,26,210.218.136.222
962,Hugibert,Beardsworth,13.11,31,222.187.73.249
963,Ketty,Casazza,11.33,37,106.155.3.220
964,Conant,Absolon,14.07,19,28.89.224.153
965,Sallie,Fosse,9.48,10,239.123.230.134
966,Gilles,Mulkerrins,15.78,17,230.206.95.180
967,Evelin,Duligal,18.31,20,195.15.76.69
968,Garry,Bland,9.82,15,52.73.60.165
969,Kitti,Waltering,8.18,29,48.239.147.17
970,Dion,McDonough,18.89,17,87.18.179.130
971,Gabey,Tesh,15.31,28,87.2.115.70
972,Burt,Christophe,14.25,11,16.94.122.13
973,Aura,Simmonite,16.64,31,166.192.84.241
974,Roldan,Gerriet,13.42,15,121.88.135.163
975,Skipp,Cutcliffe,12.52,38,187.195.11.154
976,Bradney,Firbank,14.16,31,175.34.246.164
977,Nikki,Clappison,16.88,11,184.216.57.245
978,Gregoire,Janecek,16.84,8,182.76.34.52
979,Donica,Poli,10.95,17,127.168.135.19
980,Bryan,Broadbear,16.45,38,7.91.221.143
981,Angie,Gimenez,10.23,26,253.68.97.160
982,Tony,Dennidge,17.33,34,209.139.124.68
983,Modesty,Stockow,14.13,21,188.136.74.93
984,Caspar,Iddison,14.9,16,0.194.102.29
985,Ganny,Adamides,8.03,16,74.245.166.119
986,Wyn,Hay,13.79,24,31.71.132.143
987,Colleen,Wellan,17.13,32,179.253.238.100
988,Kelly,Gourley,15.13,11,86.170.75.208
989,Reidar,Amerighi,15.95,26,107.112.99.153
990,Gerty,Crevagh,11.9,26,97.159.212.36
991,Maryjane,Melhuish,14.54,27,183.129.67.126
992,Del,Hedling,8.24,16,134.24.226.74
993,Janeta,Pattle,7.63,25,20.184.161.74
994,Kellen,Botfield,10.7,15,183.242.150.174
995,Mordecai,Sprey,12.51,13,213.45.239.58
996,Hyatt,Relton,9.9,18,88.96.123.111
997,Monro,Heel,11.17,10,141.14.105.130
998,Margalo,Rizzolo,15.05,40,11.201.53.58
999,Karlyn,Stoyles,12.31,24,129.66.128.210
1000,Antonio,Iveson,17.71,21,37.240.18.43
